{"slope": 199.6468916067113, "y_intercept": 1200.4264943646192, "buckets": [6000, 5000, 4500, 4000, 3800, 3600, 3400, 3200, 3000, 2800, 2600, 2400, 2200, 2000, 1800, 1600, 1400, 1200], "n": 1149, "adjustments": {"0": 2.0067872139625624, "1": 0.8268903009874371, "2": 0.9384121582367739, "3": 1.0679706535749258, "4": 1.1776890935083943, "5": 1.2764595191226926, "6": 1.1806033602939856, "8": 2.606930812019173}}