{"slope": 574.0381521325213, "y_intercept": 1211.3103341584167, "buckets": [6000, 5000, 4500, 4000, 3800, 3600, 3400, 3200, 3000, 2800, 2600, 2400, 2200, 2000, 1800, 1600, 1400, 1200], "n": 163, "adjustments": {"0": 1.248424793301854, "1": 0.9466632987470073, "2": 0.9115962948266406, "3": 0.8915170711918956, "4": 1.0666630718649346, "5": 0.7116076964820515, "6": 1.2617872131091097, "8": 1.463698546524332}}