{"slope": 604.1464216345416, "y_intercept": 1318.6470939787862, "buckets": [6000, 5000, 4500, 4000, 3800, 3600, 3400, 3200, 3000, 2800, 2600, 2400, 2200, 2000, 1800, 1600, 1400, 1200], "n": 82, "adjustments": {"0": 1.0, "1": 1.017160391156867, "2": 1.3214429986926883, "3": 1.0, "4": 1.0, "5": 1.0}}