{"slope": 846.9019649469086, "y_intercept": 1273.4908037111525, "buckets": [6000, 5000, 4500, 4000, 3800, 3600, 3400, 3200, 3000, 2800, 2600, 2400, 2200, 2000, 1800, 1600, 1400, 1200], "n": 1697, "adjustments": {"0": 1.1327159926079577, "1": 0.8595164805939416, "2": 0.9147476485407599, "3": 1.0833579177686392, "4": 1.123598730746611, "5": 0.9028191234540134, "6": 1.594485393906745, "7": 0.9320272928219238, "9": 1.1551517075855993}}