{"slope": 595.2964763428344, "y_intercept": 939.957694713347, "buckets": [6000, 5000, 4500, 4000, 3800, 3600, 3400, 3200, 3000, 2800, 2600, 2400, 2200, 2000, 1800, 1600, 1400, 1200], "n": 1581, "adjustments": {"0": 1.165440054847745, "1": 0.9236011546930043, "2": 0.9110796510697167, "3": 1.056977689091861, "4": 1.1009440088203828, "5": 1.0210056865996016, "6": 0.7752289837514282}}