{"slope": 542.1720864826855, "y_intercept": 1298.4060467568997, "buckets": [6000, 5000, 4500, 4000, 3800, 3600, 3400, 3200, 3000, 2800, 2600, 2400, 2200, 2000, 1800, 1600, 1400, 1200], "n": 74, "adjustments": {"0": 1.4968855631240698, "1": 0.8113625144604734, "2": 1.0068991793092386, "3": 0.9318494738036937, "4": 1.0}}