{"slope": 903.2903754721985, "y_intercept": 1302.2650566283057, "buckets": [6000, 5000, 4500, 4000, 3800, 3600, 3400, 3200, 3000, 2800, 2600, 2400, 2200, 2000, 1800, 1600, 1400, 1200], "n": 7259, "adjustments": {"0": 1.17594514947098, "1": 0.8961528638106715, "2": 0.9232725192647542, "3": 1.13547720497464, "4": 1.2781481837631719, "5": 1.2256868761134792, "6": 1.4702256956700004, "7": 0.4508612314212982, "8": 3.0919886245514574}}