{"slope": 848.2551370393962, "y_intercept": 1843.2784323110482, "buckets": [6000, 5000, 4500, 4000, 3800, 3600, 3400, 3200, 3000, 2800, 2600, 2400, 2200, 2000, 1800, 1600, 1400, 1200], "n": 7581, "adjustments": {"0": 1.2048873099214223, "1": 0.973486177731935, "2": 0.9338896916027039, "3": 0.9514264737795259, "4": 0.9882485793079799, "5": 1.047244656475803, "6": 1.0957507219970148, "7": 1.2942231675341975, "8": 1.477958326206608, "9": 1.3033392519014733, "10": 1.4331940568813843, "11": 1.5103946481112225, "13": 2.709616835123807}}