{"slope": 1793.6951966498068, "y_intercept": 3011.1885108334554, "buckets": [6000, 5000, 4500, 4000, 3800, 3600, 3400, 3200, 3000, 2800, 2600, 2400, 2200, 2000, 1800, 1600, 1400, 1200], "n": 10126, "adjustments": {"0": 1.1387365312739586, "1": 0.8822749262537412, "2": 0.9205187642089168, "3": 1.0053952552302106, "4": 1.0667354479855284, "5": 1.7583174104286075, "6": 1.8628719810141077, "8": 1.7497059215723598}}