{"slope": 438.4281588242925, "y_intercept": 667.5831834532383, "buckets": [6000, 5000, 4500, 4000, 3800, 3600, 3400, 3200, 3000, 2800, 2600, 2400, 2200, 2000, 1800, 1600, 1400, 1200], "n": 598, "adjustments": {"0": 1.3030426836603501, "1": 0.9231095934593245, "2": 0.9203238342941015, "3": 0.9898480549959217, "4": 0.8697489916897827, "5": 0.9634750425525871, "6": 1.0}}