{"slope": 326.8402933201922, "y_intercept": 672.9977677099538, "buckets": [6000, 5000, 4500, 4000, 3800, 3600, 3400, 3200, 3000, 2800, 2600, 2400, 2200, 2000, 1800, 1600, 1400, 1200], "n": 1253, "adjustments": {"0": 1.286199464575425, "1": 0.9368259646373178, "2": 0.960674248514431, "3": 1.0317201524401858, "4": 1.0788478521786826, "5": 1.0984639417918418}}