{"slope": 439.1995106900021, "y_intercept": 1118.8603212325443, "buckets": [6000, 5000, 4500, 4000, 3800, 3600, 3400, 3200, 3000, 2800, 2600, 2400, 2200, 2000, 1800, 1600, 1400, 1200], "n": 3662, "adjustments": {"0": 1.0300418851949138, "1": 0.9901996682720037, "2": 1.0331110542612267, "3": 0.909544345039876, "4": 0.9372725856055115, "5": 1.0864763633400987, "6": 1.4470871185165424, "7": 1.1376581079712105, "8": 2.108842618105689, "9": 2.0135956687107464, "12": 2.507075887466216, "17": 2.8964757828751746}}