{"slope": 1690.776437282855, "y_intercept": 778.1775267522107, "buckets": [6000, 5000, 4500, 4000, 3800, 3600, 3400, 3200, 3000, 2800, 2600, 2400, 2200, 2000, 1800, 1600, 1400, 1200], "n": 1964, "adjustments": {"0": 2.163191139692737, "1": 0.8882402466939032, "2": 0.7572158046261038, "3": 0.8267352119428456, "4": 0.9694510965440165, "5": 1.211480143346038, "6": 0.8907839327503869, "7": 0.7602175319897457, "8": 0.837379038859514, "10": 0.9356939827415}}