{"slope": 1283.583607091469, "y_intercept": 565.5397333912523, "buckets": [6000, 5000, 4500, 4000, 3800, 3600, 3400, 3200, 3000, 2800, 2600, 2400, 2200, 2000, 1800, 1600, 1400, 1200], "n": 126, "adjustments": {"0": 3.1732704063397685, "1": 0.8336350101031188, "2": 0.7794437517863858, "3": 0.7112625044954041, "4": 0.7095573121607691, "5": 0.8422419575800033, "6": 1.0, "12": 1.4586510979899872}}