{"slope": 597.7644230769229, "y_intercept": 1074.8798076923072, "buckets": [6000, 5000, 4500, 4000, 3800, 3600, 3400, 3200, 3000, 2800, 2600, 2400, 2200, 2000, 1800, 1600, 1400, 1200], "n": 19, "adjustments": {"1": 1.0, "2": 1.0, "3": 1.0, "4": 1.0}}