{"slope": 823.8442402358246, "y_intercept": 1549.84931887887, "buckets": [6000, 5000, 4500, 4000, 3800, 3600, 3400, 3200, 3000, 2800, 2600, 2400, 2200, 2000, 1800, 1600, 1400, 1200], "n": 2246, "adjustments": {"0": 1.1260943276312527, "1": 0.9297630606154036, "2": 0.9930971795283374, "3": 1.0214969630137007, "4": 1.2305992133128103, "5": 1.3398866148539634, "6": 1.003032751753363, "7": 1.515348393634204, "8": 1.0975073304782696, "9": 1.0}}