{"slope": 1055.7175939853091, "y_intercept": 1673.836280186663, "buckets": [6000, 5000, 4500, 4000, 3800, 3600, 3400, 3200, 3000, 2800, 2600, 2400, 2200, 2000, 1800, 1600, 1400, 1200], "n": 2435, "adjustments": {"0": 1.1000487360724918, "1": 0.9473431888013407, "2": 0.9284730380215139, "3": 1.0654550492890258, "4": 1.034249617451621, "5": 1.1529293190968208, "6": 0.7984792851151012, "10": 2.1623691986423075}}