{"slope": 509.87050301806346, "y_intercept": 1049.9988978711192, "buckets": [6000, 5000, 4500, 4000, 3800, 3600, 3400, 3200, 3000, 2800, 2600, 2400, 2200, 2000, 1800, 1600, 1400, 1200], "n": 1637, "adjustments": {"0": 1.1733157332295163, "1": 0.919491963152554, "2": 0.9556930359762006, "3": 1.0897211899479111, "4": 1.2108008022737253, "5": 0.9097193731903274, "6": 1.1021913617799879, "8": 1.6733089920087607}}